Residue	WT	S224N
1	6.248008	11.673727
2	6.444622	11.883125
3	6.707229	11.382339
4	6.813605	11.037976
5	6.310955	10.409271
6	5.958778	9.723952
7	5.842738	9.279325
8	5.465147	8.86061
9	5.039178	8.125029
10	4.825764	7.442517
11	4.634032	7.518188
12	3.971988	6.901876
13	3.799521	5.806007
14	3.843151	5.820947
15	3.338758	6.055685
16	2.897687	4.974589
17	3.033724	4.104267
18	2.951165	4.703605
19	2.287685	4.441943
20	2.394711	3.122282
21	2.777159	3.391429
22	2.418913	4.401113
23	2.108469	3.900138
24	2.548598	2.906713
25	2.635672	2.258785
26	2.958875	1.493032
27	2.674996	2.42035
28	2.093286	3.216403
29	2.421464	2.679175
30	2.846842	2.930947
31	2.370656	4.067503
32	2.123155	4.274615
33	2.828837	3.72026
34	3.152586	4.643782
35	2.747415	5.419938
36	2.966832	5.187533
37	3.622619	5.279062
38	3.748841	6.724255
39	3.44301	7.002531
40	3.747898	6.51623
41	4.50626	7.549808
42	4.75163	8.571714
43	4.734722	7.706697
44	5.49703	7.322525
45	5.860707	8.765083
46	6.153624	8.801452
47	7.108099	10.148801
48	7.072049	10.458865
49	7.883861	10.704676
50	8.185922	11.012872
51	7.860374	9.845549
52	6.988089	9.028212
53	7.051664	9.550307
54	7.357838	9.469436
55	6.673266	8.05904
56	6.021587	7.924705
57	6.43561	8.546804
58	6.351218	7.888242
59	5.543656	6.531206
60	5.269264	6.964031
61	5.822635	7.39987
62	5.542755	6.382249
63	4.723825	5.34632
64	4.630361	5.955738
65	5.22819	6.039523
66	4.733594	4.792854
67	4.167614	4.456771
68	4.61846	5.154845
69	4.995389	4.600619
70	4.308688	3.332731
71	4.272628	3.782677
72	4.994727	4.250449
73	4.871248	3.363837
74	4.283056	2.372303
75	4.651427	3.254933
76	5.300695	3.857482
77	4.929717	3.040795
78	4.580722	2.290609
79	5.216493	3.385526
80	5.746257	3.942097
81	5.445624	3.226703
82	4.949478	2.283587
83	4.483447	2.141885
84	3.747608	2.043941
85	3.441894	2.114052
86	3.40498	1.826016
87	4.098639	2.92998
88	4.47606	3.344537
89	5.241425	3.255099
90	5.232762	4.88428
91	5.872313	5.141977
92	6.402953	5.35465
93	6.430401	5.163956
94	5.597282	3.816046
95	5.459639	3.814833
96	5.819044	4.569891
97	5.520151	4.321345
98	4.842432	2.977751
99	5.05536	3.320902
100	5.531003	4.158482
101	5.040998	3.81924
102	4.442772	2.794808
103	4.987588	3.629466
104	5.231461	4.421649
105	4.552554	3.921001
106	4.300901	2.979986
107	4.8981	3.917058
108	5.127266	3.466421
109	5.662497	4.157379
110	5.938321	5.241258
111	5.397293	5.381129
112	5.316872	5.919063
113	5.857505	6.559926
114	5.404322	6.225435
115	5.085351	5.374412
116	5.440393	6.098067
117	5.772619	7.015513
118	5.222629	6.339405
119	4.732886	5.542377
120	5.059815	6.451868
121	5.444789	7.46382
122	4.945689	6.933758
123	4.656202	7.353729
124	4.122918	6.352475
125	3.929437	6.42537
126	4.033978	6.620065
127	3.963432	5.509715
128	3.45319	4.566543
129	3.477114	4.818513
130	3.741173	4.572917
131	3.474003	3.326218
132	3.090905	3.047138
133	3.003184	3.736415
134	3.416004	3.771261
135	3.313691	2.532625
136	2.761843	2.413772
137	2.854018	2.395512
138	3.323003	1.797134
139	3.195191	1.337427
140	2.824605	1.554225
141	3.284904	1.133067
142	3.674066	0.772338
143	3.463454	1.02954
144	3.505722	1.426687
145	4.272187	1.055606
146	4.652461	1.825913
147	5.041067	3.125153
148	5.347708	2.834977
149	5.516053	2.546314
150	6.343992	3.035704
151	6.175156	3.409141
152	6.803729	4.009464
153	6.379318	3.463299
154	5.542733	2.663384
155	5.682474	3.51745
156	6.267595	3.899288
157	5.706147	3.095639
158	5.069603	2.436364
159	5.661526	3.299721
160	5.974764	3.587916
161	5.063612	2.738938
162	4.85903	2.39912
163	5.809242	3.002722
164	5.846376	3.199374
165	4.949754	2.667512
166	5.205724	2.448148
167	6.021394	2.996014
168	6.035428	3.333398
169	5.45606	2.719841
170	5.647283	2.895256
171	6.60577	3.454074
172	6.558937	3.166172
173	6.889835	3.065981
174	6.795582	3.185552
175	6.004058	2.602069
176	5.62049	3.122391
177	5.712191	3.072563
178	5.160621	2.348858
179	4.527222	2.073839
180	4.771801	2.534502
181	4.752668	2.380966
182	3.871279	1.779193
183	3.748145	1.662158
184	4.34224	1.827631
185	3.788176	1.497966
186	3.255817	0.972192
187	3.740595	1.148719
188	4.166553	1.35631
189	3.6242	1.122164
190	3.582592	0.828054
191	4.339224	0.942732
192	4.463171	1.542011
193	4.217732	1.697871
194	4.502719	1.52072
195	5.258036	2.153277
196	5.080298	2.708169
197	4.313135	2.45345
198	3.729191	1.971154
199	3.426296	2.453331
200	3.398178	2.213553
201	3.320098	1.542319
202	2.943117	2.037788
203	2.804121	2.447821
204	2.781421	1.605647
205	2.75388	1.763656
206	2.774511	2.612773
207	2.821101	2.343286
208	2.834634	1.677719
209	2.821746	2.576369
210	3.200721	3.012163
211	3.345727	2.25172
212	3.252427	2.192194
213	3.319041	3.111789
214	3.881905	2.956372
215	3.981848	2.323335
216	4.149074	3.101348
217	4.359228	3.573281
218	4.827189	2.865386
219	5.080845	2.876696
220	5.411753	3.878072
221	5.826538	3.658426
222	6.455259	3.467711
223	6.438651	3.812084
224	6.68631	3.244145
225	7.324022	3.474631
226	7.281343	3.164741
227	7.150163	2.56444
228	7.693932	2.919414
229	7.951855	3.229598
230	7.378943	2.41748
231	7.493372	2.26555
232	8.522238	2.708203
233	7.846671	2.554382
234	8.549729	2.073504
235	9.242035	2.645351
236	8.673944	3.730444
237	8.408178	3.304514
238	8.946544	2.486975
239	8.715478	2.96508
240	7.598878	2.29469
241	7.95566	1.408862
242	7.432162	1.927994
243	6.419418	2.352064
244	6.091136	1.719076
245	6.142354	1.191456
246	5.705311	1.83919
247	4.960163	1.844957
248	4.910565	1.189556
249	4.518611	1.261518
250	4.146173	1.547202
251	4.434326	1.165382
252	4.481365	0.733532
253	3.880205	1.159261
254	3.871433	1.78871
255	3.931624	2.505214
256	3.938828	2.999422
257	4.042804	2.421107
258	3.800368	2.415453
259	3.060356	1.689337
260	2.91544	1.68102
261	2.856484	2.129085
262	2.857435	1.881362
263	3.10701	1.727685
264	2.894737	2.386994
265	3.083112	2.607634
266	3.288794	2.302592
267	3.45983	2.784367
268	3.8305	3.404055
269	4.114147	3.393446
270	4.468815	3.327682
271	4.757314	3.928528
272	5.091696	4.316483
273	5.593455	4.237269
274	6.098126	4.51383
275	5.617768	3.784609
276	4.943143	4.233737
277	5.353598	3.849385
278	5.101402	3.297826
279	4.208694	3.386049
280	4.291828	3.770593
281	4.936947	3.386161
282	4.394277	2.817744
283	3.774935	3.112306
284	4.363598	3.368426
285	4.87368	2.859877
286	4.174572	2.42575
287	4.053539	2.78746
288	4.833576	2.608845
289	4.416189	1.751989
290	3.795655	1.680167
291	4.581197	2.175595
292	5.086496	1.874121
293	4.391145	1.06481
294	4.802326	1.138601
295	5.945749	1.586692
296	5.835894	1.335061
297	5.42277	1.010938
298	6.263199	1.444504
299	7.344798	1.748592
300	7.077395	1.429264
301	6.905355	1.163426
302	6.961167	1.587311
303	8.503444	2.019416
304	10.15196	2.112485
305	12.059065	2.701866
306	14.245208	3.906865
307	13.840949	4.826414
308	14.062619	6.356427
309	14.230054	7.674917
310	13.085208	7.985028
311	11.933036	7.776806
312	12.261416	8.71301
313	11.892996	9.107017
314	10.395592	8.444087
315	10.445202	8.657443
316	9.954022	6.898025
317	8.996874	6.076183
318	7.644918	5.426319
319	7.570357	5.506044
320	7.26392	5.452209
321	6.766559	5.100259
322	6.244541	5.640803
323	5.438523	5.041456
324	4.961281	5.790654
325	4.388988	4.619755
326	4.839489	4.051129
327	5.195976	4.248253
328	4.650076	4.249103
329	4.21667	3.584786
330	4.679704	3.272159
331	4.939547	3.717159
332	4.496613	3.417385
333	4.329894	2.738607
334	4.705209	3.011975
335	4.982716	3.549318
336	4.425603	3.276208
337	4.737398	3.673259
338	5.344353	3.92918
339	5.027005	3.618233
340	4.566043	3.683246
341	4.86091	4.032915
342	4.752352	3.668906
343	4.056423	3.252089
344	3.920553	3.343838
345	4.361977	3.478933
346	4.097513	3.491038
347	3.807098	3.883188
