Residue	WT	N119S	F161L
1	4.221045	13.690949	9.456994
2	3.985053	13.203174	9.559546
3	4.633813	12.924033	10.450762
4	4.913399	12.730632	9.514563
5	4.919583	11.779184	8.245934
6	4.95084	11.686226	9.698742
7	4.595085	11.677254	10.030081
8	4.587534	11.191321	8.382209
9	4.931785	10.552525	8.518159
10	4.918726	10.724341	10.124325
11	4.785446	10.577142	9.327239
12	5.076595	9.675985	7.796943
13	5.313178	9.416538	8.890865
14	5.428704	9.902389	9.726749
15	5.472576	9.212949	8.136188
16	5.496383	8.098764	7.674493
17	5.821001	8.268984	9.328581
18	5.853518	8.586061	9.225926
19	5.873955	7.395304	7.443825
20	6.062656	6.647184	7.965901
21	6.422865	7.172311	9.495999
22	6.507187	6.405924	8.386107
23	6.720814	7.150634	8.460917
24	6.820567	7.482017	7.097393
25	6.507701	7.521266	5.188105
26	6.620544	9.240608	5.298056
27	6.49936	9.294171	6.624143
28	6.156503	8.28395	5.870686
29	5.980085	9.045343	4.50268
30	6.030871	10.330355	5.675269
31	5.654007	9.623305	6.514078
32	5.404774	8.571262	4.992314
33	5.531688	9.909622	4.457986
34	5.39365	10.686165	5.894839
35	5.251551	9.603153	5.789263
36	5.195374	8.971987	4.255218
37	5.190569	10.3991	4.750193
38	5.027992	10.632254	5.862647
39	4.955982	9.309622	5.059706
40	5.058378	9.555119	3.993729
41	5.095086	10.78209	5.062168
42	4.79988	10.271556	5.553318
43	5.032328	9.517915	4.250126
44	5.51614	10.589344	4.052905
45	5.268783	11.101645	5.206212
46	5.278694	10.290469	4.901056
47	6.125345	9.993901	3.676813
48	5.633029	8.739313	3.83744
49	5.251603	8.648126	3.697138
50	5.303551	7.182075	4.412009
51	5.146326	7.335201	4.292189
52	4.891516	8.646935	3.655005
53	5.110793	8.060434	3.937194
54	5.149711	6.69159	4.363813
55	4.89793	7.289373	3.967944
56	5.095745	8.295561	3.509538
57	5.378346	7.684778	4.17543
58	5.243896	6.673882	4.578521
59	5.132363	7.183258	3.931788
60	5.183013	8.202024	3.629716
61	5.475165	7.924079	4.264686
62	5.667646	6.834126	4.844508
63	5.617902	6.710168	4.366431
64	5.726437	7.859842	3.704386
65	6.126403	7.902848	4.371869
66	6.012445	7.060271	4.656385
67	5.999366	7.527958	3.899911
68	6.304657	8.462473	4.079838
69	6.628802	8.192812	4.665168
70	6.67687	7.656982	4.288041
71	6.7171	8.485614	4.034432
72	7.226328	9.240105	4.665477
73	7.78507	8.933065	5.011137
74	7.829474	8.081718	4.924352
75	7.995998	7.125909	5.317579
76	8.020026	5.703423	6.99254
77	8.217909	6.469287	8.471415
78	7.63726	6.795395	9.609968
79	7.207268	7.547745	9.935177
80	7.086194	7.909058	10.330699
81	7.060927	9.436043	11.661702
82	7.034434	9.035111	11.879323
83	7.424745	9.692804	14.327958
84	7.222234	9.33272	15.25633
85	7.031177	8.588254	16.713893
86	7.254622	8.741521	16.1529
87	6.970991	8.000551	13.760526
88	6.415818	8.147768	14.828417
89	6.378745	9.431237	16.23303
90	6.577199	9.349876	14.450068
91	6.156345	8.543081	13.146709
92	5.70703	9.361834	14.883731
93	5.781254	10.548169	15.410077
94	5.878008	9.981518	13.305797
95	5.55268	9.507436	12.838464
96	5.467237	10.945021	14.646827
97	5.571873	11.530264	14.403215
98	5.586937	10.567248	12.306519
99	5.431719	11.012448	13.020521
100	5.37673	12.303677	14.59486
101	5.482339	12.163835	13.543997
102	5.887876	11.940102	12.298879
103	5.933672	13.111789	13.800886
104	5.80672	13.777302	14.584243
105	5.945931	13.330012	13.153357
106	6.389818	13.561872	12.526746
107	6.431894	14.681431	14.178267
108	6.284817	15.012804	14.270201
109	6.629567	14.537559	12.860511
110	7.52183	15.480231	11.996299
111	7.181103	14.475588	10.606166
112	7.384323	13.879572	11.954868
113	8.437873	13.912671	11.751137
114	9.246739	12.950113	10.530759
115	8.294095	12.206501	9.568463
116	7.994285	11.738824	8.351206
117	8.143479	12.552382	7.983816
118	7.844767	11.66543	6.354163
119	8.200929	13.058591	6.084958
120	8.426912	13.295585	6.740024
121	7.831033	11.620455	6.674573
122	7.469957	10.512083	6.422639
123	7.305946	10.940306	6.279455
124	7.339312	10.306633	4.920643
125	5.999504	10.643851	4.475329
126	6.725433	10.600881	4.529997
127	5.981685	11.537041	5.154846
128	6.378995	11.325899	5.405532
129	6.627938	12.053878	5.559565
130	7.195947	11.269521	5.332634
131	7.044331	10.241553	5.760761
132	7.377567	8.972311	5.521646
133	7.313381	7.551234	4.739739
134	8.145547	7.726144	4.651612
135	7.28219	7.023762	4.832157
136	6.862123	6.256522	5.301774
137	6.387539	4.821762	5.106793
138	6.510193	5.549358	5.023926
139	7.184847	6.08038	5.263547
140	7.290534	4.955919	5.544173
141	6.632883	4.083925	5.583351
142	6.68809	5.410922	5.631584
143	7.850838	6.22864	6.100078
144	8.396662	5.150242	6.514282
145	9.196279	5.542951	6.516762
146	10.00951	7.686493	6.801565
147	12.452079	8.007989	7.177562
148	12.485019	7.096043	7.052969
149	11.772877	6.64492	6.767539
150	13.474242	6.836639	7.014004
151	13.933132	6.862405	7.138286
152	12.444103	6.941255	6.915432
153	12.720013	7.165845	6.906965
154	14.974778	7.38141	7.189751
155	14.761164	7.419774	7.146337
156	13.345049	7.534966	7.011714
157	14.590043	7.690665	7.205529
158	16.315296	7.888885	7.459583
159	15.468446	7.991541	7.355823
160	15.106944	8.169273	7.31595
161	16.970351	8.342159	7.710999
162	18.000974	8.507638	7.897622
163	17.047279	8.728497	7.700091
164	17.744664	8.927223	7.947534
165	19.680297	9.043393	8.272882
166	19.713374	9.320474	8.327749
167	18.994686	9.600355	8.303352
168	20.42671	9.753189	8.583909
169	22.402494	9.933336	8.90302
170	22.159895	10.198322	8.94612
171	21.064226	10.420893	8.976781
172	22.573039	10.582113	9.362457
173	23.836575	11.132778	9.69472
174	24.941412	11.435873	10.021763
