Model	WT	N119S	F161L
1	0	0	0
2	0.40453	0.44694	0.46312
3	0.48056	0.7837	0.52605
4	0.74096	1.09594	0.78276
5	1.05509	1.42875	0.87083
6	1.3948	1.27559	1.07691
7	1.28513	1.54912	1.32537
8	1.21851	1.84169	1.37741
9	1.17654	2.13897	1.58972
10	1.17664	2.38446	1.80878
11	1.42701	2.66361	2.03993
12	1.43649	2.94985	2.29403
13	1.63847	3.22648	2.55738
14	1.5952	3.0731	2.50959
15	1.59815	2.89722	2.75534
16	1.76079	3.24043	3.05657
17	1.73502	3.06579	3.02903
18	1.91902	3.37465	3.30017
19	1.88779	3.67315	3.56752
20	1.86954	3.52376	3.52211
21	1.94754	3.42004	3.51413
22	2.02469	3.3202	3.53236
23	2.081	3.25484	3.75349
24	2.18799	3.47982	3.75308
25	2.36375	3.68696	3.78215
26	2.57232	3.58679	3.86777
27	2.79664	3.82064	3.96867
28	3.03666	4.08409	4.10236
29	2.94179	3.9875	4.08107
30	3.22197	3.89979	4.05015
31	3.12269	4.09661	4.16252
32	3.01277	4.33902	4.28323
33	2.96611	4.59285	4.34576
34	3.19084	4.49408	4.47017
35	3.08974	4.75829	4.61118
36	3.29255	4.65263	4.61305
37	3.18853	4.58555	4.75287
38	3.12273	4.79908	4.82708
39	3.37762	4.67039	4.76942
40	3.23738	4.54359	4.8052
41	3.45073	4.65232	4.87174
42	3.35967	4.45017	4.89766
43	3.31314	4.61245	5.04136
44	3.48364	4.82074	5.07172
45	3.49194	4.65098	5.16048
46	3.68975	4.88991	5.20936
47	3.84423	5.07796	5.26595
48	3.79335	5.25439	5.2024
49	3.7599	5.08651	5.29998
50	3.73879	4.85098	5.32685
51	3.77876	5.06774	5.5294
52	3.74908	5.20617	5.62986
53	3.91641	5.41027	5.64942
54	3.85466	5.53574	5.65253
55	3.97227	5.76764	5.73441
56	4.03536	5.89932	5.64994
57	4.17086	5.74472	5.68013
58	4.19934	5.50972	5.64792
59	4.21157	5.39854	5.67356
60	4.41382	5.29776	5.7696
61	4.4384	5.14832	5.72753
62	4.38959	5.35987	5.78831
63	4.31719	5.11767	5.87925
64	4.49359	5.19924	5.91201
65	4.68727	5.33309	5.99391
66	4.61613	5.49106	6.00015
67	4.69546	5.62317	6.05149
68	4.66324	5.37311	6.20242
69	4.60898	5.27177	6.1611
70	4.68026	5.1348	6.25014
71	4.68226	4.94994	6.25819
72	4.66946	4.7926	6.30139
73	4.72437	4.64637	6.2534
74	4.73378	4.75988	6.15867
75	4.83468	4.62414	6.10306
76	4.97483	4.50059	6.21491
77	5.12601	4.38477	6.21817
78	5.3331	4.40957	6.16444
79	5.23555	4.33885	6.19899
80	5.43532	4.38356	6.27333
81	5.3826	4.31393	6.30894
82	5.56635	4.39017	6.41418
83	5.46337	4.29596	6.50932
84	5.64917	4.35462	6.46997
85	5.60764	4.44813	6.41436
86	5.5545	4.47768	6.53568
87	5.71706	4.61833	6.49412
88	5.9098	4.71591	6.36851
89	6.11171	4.85547	6.35225
90	5.98739	4.98656	6.39803
91	5.92241	4.83936	6.46233
92	6.09383	5.02081	6.45046
93	6.34091	5.1727	6.41767
94	6.59024	5.00767	6.44384
95	6.7919	4.83828	6.33821
96	6.64584	5.02525	6.41518
97	6.51997	5.20364	6.41738
98	6.44379	5.42273	6.40282
99	6.62898	5.24919	6.34331
100	6.47865	5.4538	6.35737
101	6.72236	5.33394	6.40871
102	6.9724	5.2522	6.42427
103	6.82591	5.43326	6.47648
104	7.05787	5.34008	6.50704
105	6.97798	5.52247	6.61998
106	6.88595	5.72847	6.59963
107	7.07591	5.6257	6.71176
108	7.32978	5.8057	6.78041
109	7.16297	5.90043	6.79548
110	7.43356	5.74339	6.9252
111	7.29869	5.84052	6.90376
112	7.53396	5.9869	6.90006
113	7.40943	5.79296	7.06523
114	7.37027	5.92656	7.12869
115	7.24812	5.67766	7.07996
116	7.15547	5.55581	7.22132
117	7.33044	5.40113	7.149
118	7.48176	5.24666	7.15353
119	7.71577	5.43196	7.08689
120	7.59171	5.30485	6.98514
121	7.79784	5.44976	6.86937
122	7.64475	5.27932	6.88446
123	7.85581	5.20601	6.77549
124	8.10996	5.26659	6.76392
125	8.32232	5.20277	6.74105
126	8.59491	5.27763	6.74414
127	8.48563	5.1814	6.6353
128	8.6856	5.11727	6.57242
129	8.54186	5.27043	6.64674
130	8.41129	5.16796	6.63592
131	8.64146	5.29799	6.63656
132	8.8103	5.23155	6.69574
133	8.78673	5.19243	6.61479
134	9.00074	5.09572	6.64286
135	9.12625	5.18694	6.52904
136	9.18486	5.16801	6.46657
137	9.25211	5.25811	6.48998
138	9.27846	5.35934	6.56557
139	9.32379	5.36021	6.48597
140	9.39996	5.26911	6.50698
141	9.39793	5.25748	6.50597
142	9.45395	5.20994	6.50438
143	9.4842	5.17321	6.61042
144	9.52867	5.04416	6.63087
145	9.57971	5.01808	6.53049
146	9.65792	4.94729	6.59
147	9.69091	5.02804	6.58634
148	9.77943	5.07719	6.79562
149	9.80002	5.07277	6.72745
150	9.84852	5.18551	6.69926
151	9.91863	5.28776	6.59477
152	9.99153	5.24419	6.476
153	10.07548	5.26811	6.63862
154	10.05391	5.21344	6.75583
155	10.13732	5.17154	6.72276
156	10.27046	5.27651	6.80004
157	10.21829	5.22565	6.65295
158	10.23186	5.208	6.80344
159	10.20329	5.20384	6.94869
160	10.32996	5.18148	6.83016
161	10.43857	5.22234	6.77182
162	10.38698	5.11782	6.78233
163	10.48234	5.0963	6.78477
164	10.43875	5.17947	6.87869
165	10.54547	5.19173	6.9225
166	10.49486	5.19962	7.01049
167	10.40853	5.08784	7.04556
168	10.49764	5.20283	6.95667
169	10.53769	5.25569	7.06373
170	10.56889	5.22326	7.18059
171	10.56107	5.3549	7.12612
172	10.59035	5.48984	7.06001
173	10.68488	5.46585	7.14894
174	10.645	5.51592	7.3303
175	10.60397	5.63422	7.3639
176	10.69121	5.48238	7.31811
177	10.64941	5.62602	7.28976
178	10.79097	5.50302	7.30368
179	10.91546	5.42907	7.28086
180	10.80533	5.29601	7.17005
181	10.73483	5.38832	7.06429
182	10.69327	5.49077	7.1412
183	10.86105	5.35602	7.22076
184	11.03713	5.37775	7.32586
185	11.135	5.38949	7.28021
186	11.0169	5.39118	7.22344
187	11.17752	5.49276	7.35216
188	11.36285	5.63214	7.38157
189	11.55757	5.69559	7.30596
190	11.73308	5.85432	7.3734
191	11.58854	6.04632	7.35008
192	11.48798	6.20129	7.34073
193	11.41878	5.96879	7.27667
194	11.34996	6.15423	7.26792
195	11.53365	6.05685	7.22147
196	11.67693	6.16566	7.23538
197	11.85009	6.25945	7.11713
198	11.72736	6.51855	7.13267
199	11.89342	6.43396	7.12275
200	12.06349	6.29573	7.17554
201	12.23928	6.45128	7.15131
202	12.12355	6.53739	7.07742
203	11.98703	6.29778	7.09519
204	12.1748	6.51054	7.06214
205	12.33984	6.74874	7.16007
206	12.1999	6.52581	7.29363
207	12.42606	6.41605	7.36143
208	12.57187	6.29114	7.42854
209	12.38007	6.08611	7.41884
210	12.63782	5.92752	7.46339
211	12.89052	6.14758	7.3952
212	13.09416	5.91605	7.31093
213	12.94942	5.85363	7.22957
214	13.16119	6.01417	7.108
215	12.99748	6.21853	7.06934
216	12.82762	6.45972	7.0027
217	13.01075	6.23354	6.95957
218	12.89066	6.40743	7.03627
219	12.79865	6.57169	7.04508
220	12.94048	6.44776	7.02436
221	13.10821	6.66862	7.05404
222	12.9947	6.46538	7.07957
223	13.15934	6.62522	7.12466
224	13.00734	6.81329	7.12735
225	12.93901	6.61843	7.08155
226	12.90123	6.86509	7.0785
227	13.06225	6.76662	7.11596
228	12.90711	6.96563	7.12977
229	12.89809	7.0818	7.25922
230	13.08085	6.92261	7.17992
231	12.93026	6.73425	7.20437
232	13.11252	6.90843	7.16974
233	13.25559	7.10823	7.21673
234	13.17805	6.90987	7.27262
235	13.06538	6.70849	7.20189
236	12.94165	6.90198	7.11637
237	12.83703	7.13476	7.24976
238	12.9644	6.99832	7.16251
239	12.84047	6.84617	7.11962
240	12.98769	6.67433	7.08277
241	12.81148	6.48732	7.13064
242	12.92231	6.34445	7.10376
243	12.78978	6.19934	7.08253
244	12.8428	6.32769	7.09951
245	12.8024	6.23597	7.0771
246	12.89732	6.13668	6.99556
247	12.81214	6.005	6.99409
248	12.91006	6.15737	7.00685
249	13.04265	6.25543	7.00653
250	13.15735	6.14649	7.04921
251	13.07677	6.22875	7.04025
252	12.98106	6.07737	6.97663
253	12.92311	6.2064	7.02962
254	12.85245	6.06842	6.97925
255	12.73422	6.07198	6.99476
256	12.83721	6.22783	6.89613
257	12.99784	6.19101	6.75755
258	13.16088	6.34862	6.77864
259	13.40059	6.26486	6.69742
260	13.31605	6.43659	6.70644
261	13.4741	6.41774	6.75555
262	13.37883	6.34892	6.70344
263	13.51015	6.22849	6.74738
264	13.62851	6.34194	6.67983
265	13.52489	6.32699	6.67194
266	13.67538	6.32834	6.66287
267	13.57774	6.35562	6.63758
268	13.68401	6.26567	6.71158
269	13.82941	6.39415	6.69713
270	13.99962	6.36239	6.67499
271	14.16223	6.38661	6.77389
272	14.3042	6.51796	6.83605
273	14.19688	6.68838	6.85888
274	14.04948	6.59634	6.82164
275	14.25632	6.76476	6.75257
276	14.14169	6.65664	6.76763
277	14.3343	6.57444	6.70451
278	14.20999	6.48803	6.6218
279	14.33633	6.46073	6.68325
280	14.48195	6.62941	6.66901
281	14.37862	6.74483	6.6459
282	14.55936	6.74742	6.5191
283	14.7078	6.86154	6.56276
284	14.59767	6.77371	6.65226
285	14.74938	6.67277	6.60109
286	14.61715	6.63536	6.54135
287	14.75677	6.66755	6.5004
288	14.61656	6.69715	6.38003
289	14.48845	6.7924	6.28695
290	14.64696	6.9002	6.24647
291	14.75239	6.79639	6.29498
292	14.88581	6.7018	6.22084
293	14.77042	6.7103	6.12367
294	14.95677	6.65686	6.17887
295	15.14662	6.5742	6.06521
296	15.23881	6.65267	5.99439
297	15.11019	6.7277	5.9411
298	14.99013	6.81737	5.81246
299	15.12285	6.8451	5.82234
300	15.21542	6.69336	5.75146
301	15.07164	6.62626	5.77752
302	14.96471	6.5464	5.77533
303	15.10765	6.40047	5.75474
304	14.97289	6.27845	5.6758
305	14.80321	6.37969	5.63901
306	14.70518	6.49879	5.59543
307	14.8442	6.46303	5.69899
308	15.01753	6.53573	5.79959
309	15.12943	6.64199	5.85573
310	15.06978	6.81772	5.82767
311	15.1979	6.71202	5.88683
312	15.0627	6.82956	5.95603
313	15.22942	6.7024	5.98304
314	15.11755	6.69724	5.90316
315	14.98111	6.7036	5.93699
316	14.82715	6.79588	5.94617
317	15.0147	6.87762	5.99868
318	15.1724	6.73898	5.95794
319	15.2408	6.59286	5.94206
320	15.10906	6.69962	6.0359
321	15.18317	6.67081	6.19771
322	15.30777	6.83385	6.21425
323	15.21872	6.99337	6.14518
324	15.10893	6.91473	6.11985
325	15.23787	6.85647	6.10171
326	15.36496	6.75959	6.08611
327	15.2473	6.72492	6.24389
328	15.34624	6.83334	6.19659
329	15.45275	6.80239	6.2327
330	15.62703	6.75582	6.18139
331	15.48644	6.81925	6.22006
332	15.35502	6.91958	6.22881
333	15.46079	6.86887	6.26478
334	15.52632	6.83116	6.30406
335	15.6606	6.89678	6.29395
336	15.72608	6.82264	6.27005
337	15.85307	6.90153	6.35584
338	15.76069	6.99017	6.37617
339	15.86525	7.14096	6.42939
340	15.76038	7.21878	6.44294
341	15.86325	7.42314	6.35219
342	15.73325	7.28457	6.43327
343	15.83093	7.40207	6.45177
344	15.77298	7.48404	6.4641
345	15.83562	7.3462	6.58373
346	15.74577	7.24291	6.59187
347	15.68507	7.3616	6.74026
348	15.56939	7.26347	6.69437
349	15.67234	7.37722	6.85315
350	15.78239	7.20097	6.84173
351	15.81716	7.36175	6.82378
352	15.88354	7.17825	6.77822
353	15.83298	7.24131	6.82666
354	15.85828	7.12201	6.74058
355	15.92825	6.9848	6.65395
356	16.00323	7.11973	6.58798
357	16.06039	7.20548	6.61687
358	15.96974	7.07383	6.70878
359	16.07123	6.98514	6.71317
360	15.94346	6.93931	6.77011
361	16.02742	6.85997	6.86514
362	15.90516	6.93934	7.0243
363	16.02432	6.87912	7.0404
364	16.11113	7.02566	6.99664
365	16.00766	6.90957	6.99433
366	15.94626	6.87127	6.93453
367	16.0764	6.99015	6.94994
368	16.21288	6.91047	6.8181
369	16.11476	6.82828	6.77877
370	16.25116	6.96468	6.73249
371	16.10982	7.05937	6.77732
372	16.00578	7.1221	6.77615
373	16.17017	6.92083	6.65192
374	16.02039	6.77076	6.69067
375	15.88084	6.74138	6.58302
376	15.80939	6.88926	6.56452
377	15.88085	6.72863	6.5202
378	15.70044	6.5608	6.50144
379	15.83155	6.71063	6.51531
380	15.64128	6.5749	6.49278
381	15.51609	6.49666	6.60424
382	15.58204	6.47811	6.53263
383	15.4559	6.36721	6.60886
384	15.35723	6.32755	6.66148
385	15.24623	6.32733	6.62252
386	15.19128	6.34492	6.69342
387	15.31551	6.34517	6.76994
388	15.4218	6.20383	6.83887
389	15.36909	6.23495	6.82058
390	15.26633	6.24087	6.77678
391	15.32885	6.30939	6.69989
392	15.29639	6.35153	6.652
393	15.39333	6.38113	6.64302
394	15.52971	6.29814	6.67769
395	15.64707	6.2462	6.69976
396	15.7546	6.27926	6.66634
397	15.60085	6.33962	6.65479
398	15.44772	6.25805	6.57562
399	15.31511	6.22452	6.67888
400	15.40725	6.18532	6.75188
401	15.27341	6.27895	6.7662
402	15.17264	6.19977	6.71162
403	15.17718	6.21318	6.69216
404	15.20638	6.14019	6.70669
405	15.31613	6.19987	6.81102
406	15.37376	6.22786	6.85393
407	15.50363	6.19574	6.8803
408	15.48812	6.13438	6.86357
409	15.35301	6.13664	6.83803
410	15.44065	6.11687	6.80042
411	15.37629	6.06011	6.79649
412	15.46759	5.99959	6.88014
413	15.32766	6.01404	6.95142
414	15.46965	6.07572	6.94847
415	15.61919	6.06051	6.96215
416	15.44042	6.12991	6.99909
417	15.34003	6.06243	7.06682
418	15.42929	6.05995	7.15106
419	15.2737	6.04324	7.12556
420	15.42331	6.04441	7.10056
421	15.40245	6.00561	7.07683
422	15.32823	5.98646	7.14646
423	15.35824	5.96694	7.17641
424	15.33088	5.9964	7.18457
425	15.27185	6.01304	7.16033
426	15.22197	6.02183	7.19943
427	15.09173	5.97575	7.2249
428	14.98871	5.99862	7.22586
429	14.88496	6.09993	7.33764
430	14.77606	6.11134	7.42272
431	14.88756	6.07195	7.38182
432	14.96166	6.0237	7.39158
433	14.8565	5.98116	7.42859
434	14.90824	5.98416	7.4396
435	14.91552	6.04085	7.38574
436	15.084	6.09223	7.30285
437	15.17248	6.11376	7.33908
438	15.22135	6.00753	7.38531
439	15.10961	5.99406	7.37428
440	14.90794	5.95444	7.36517
441	14.98725	5.97518	7.31109
442	15.08961	6.02296	7.31041
443	15.20163	6.09622	7.42723
444	15.10564	6.19677	7.40146
445	14.9591	6.14926	7.43035
446	14.85674	6.24179	7.44768
447	14.92834	6.34057	7.43471
448	14.80391	6.22727	7.43689
449	14.97545	6.32741	7.48489
450	15.04151	6.24079	7.53512
451	15.15	6.32644	7.61026
452	15.04098	6.2785	7.57274
453	15.11444	6.235	7.60787
454	15.25067	6.20603	7.57777
455	15.0153	6.25064	7.57328
456	14.84427	6.37851	7.51637
457	14.97208	6.45103	7.47764
458	14.8584	6.33262	7.52192
459	14.72087	6.19792	7.46429
460	14.60067	6.2398	7.39068
461	14.7605	6.16654	7.38422
462	14.95542	6.32918	7.41347
463	14.79428	6.41528	7.4164
464	14.91314	6.34902	7.40484
465	15.11363	6.48313	7.43042
466	14.91868	6.58667	7.41704
467	14.78209	6.51715	7.37768
468	14.81651	6.66513	7.42251
469	14.97975	6.59791	7.37045
470	15.08287	6.69257	7.27072
471	14.91204	6.83919	7.24176
472	15.06654	6.74478	7.3383
473	15.23948	6.83348	7.26038
474	15.0589	6.76498	7.26252
475	15.18407	6.66505	7.26396
476	15.40518	6.85154	7.22977
477	15.53675	7.03697	7.22059
478	15.4272	7.19005	7.23174
479	15.30998	7.09353	7.19091
480	15.45699	6.97658	7.25063
481	15.57269	6.91119	7.31006
482	15.40964	6.9924	7.29021
483	15.2597	6.83773	7.28538
484	15.37099	6.90909	7.26979
485	15.51349	6.77626	7.32183
486	15.69986	6.71424	7.35552
487	15.81438	6.88144	7.34417
488	15.88385	6.72576	7.35523
489	15.7383	6.80706	7.35995
490	15.59216	6.66572	7.43506
491	15.61522	6.83026	7.43594
492	15.79212	6.66839	7.44616
493	15.94475	6.543	7.49205
494	15.79399	6.38806	7.43838
495	15.94405	6.49408	7.43153
496	15.75915	6.66768	7.43346
497	15.93597	6.59627	7.38966
498	15.88534	6.6979	7.30956
499	15.86294	6.62123	7.37806
